,Tat90_SGat0.55,Tat180_SGat0.55,Tat270_SGat0.55,Tat360_SGat0.55,Tat450_SGat0.55,Tat540_SGat0.55,Tat90_SGat0.6,Tat180_SGat0.6,Tat270_SGat0.6,Tat360_SGat0.6,Tat450_SGat0.6,Tat540_SGat0.6,Tat90_SGat0.65,Tat180_SGat0.65,Tat270_SGat0.65,Tat360_SGat0.65,Tat450_SGat0.65,Tat540_SGat0.65,Tat90_SGat0.7,Tat180_SGat0.7,Tat270_SGat0.7,Tat360_SGat0.7,Tat450_SGat0.7,Tat540_SGat0.7,Tat90_SGat0.75,Tat180_SGat0.75,Tat270_SGat0.75,Tat360_SGat0.75,Tat450_SGat0.75,Tat540_SGat0.75,Tat90_SGat0.8,Tat180_SGat0.8,Tat270_SGat0.8,Tat360_SGat0.8,Tat450_SGat0.8,Tat540_SGat0.8,Tat90_SGat0.85,Tat180_SGat0.85,Tat270_SGat0.85,Tat360_SGat0.85,Tat450_SGat0.85,Tat540_SGat0.85,Tat90_SGat0.9,Tat180_SGat0.9,Tat270_SGat0.9,Tat360_SGat0.9,Tat450_SGat0.9,Tat540_SGat0.9
1,0.9422852598959803,0.9956474904598082,0.9988794694785843,0.9995486364059342,0.9997744093812478,0.9998733074255902,0.9306886629250951,0.9949085252836393,0.9987040860615041,0.9994807016040163,0.9997404984714496,0.9998536539700958,0.9171508236442982,0.9940775056073026,0.9985091825117143,0.9994058905844118,0.9997033984043437,0.9998322438852012,0.901329674414916,0.9931464296883653,0.9982932412404093,0.9993237200974748,0.999662908109989,0.9998089783719755,0.8827824294707266,0.9921068040063068,0.998054663375961,0.9992336808754602,0.9996188152953722,0.9997837528410367,0.8609120270149695,0.9909496038370669,0.997791764510212,0.9991352364219999,0.999570895947823,0.9997564566649653,0.8348691042952966,0.9896652278552429,0.9975027698832843,0.9990278216436383,0.9995189137732577,0.999726972897853,0.8033530386044905,0.988243445939478,0.9971858089584189,0.9989108413113449,0.9994626195644617,0.9996951779596212
100,-0.04569405534798343,0.028270512103594436,0.8761058122906336,0.9535451130908728,0.9772797324613901,0.9873815701090319,0.04343839516583492,-0.030874599476867104,0.8534499992611735,0.9462049682462353,0.9737768707908367,0.9853883543291587,0.04461462340215855,0.029802521854022768,0.8266878185981796,0.9380052021642167,0.9699208264867355,0.9832093946951456,-0.04916436902266663,-0.032831180517517655,0.7945974398822174,0.9288494559385064,0.9656834157472759,0.9808326349374936,-0.050289971126863175,0.03135466359144723,0.7551409004588151,0.9186253966439334,0.9610336056742514,0.9782450353881754,-0.05140701720810892,0.03213744095996973,0.7043165237572682,0.9072003663045277,0.9559370990667435,0.9754324767482677,-0.052519103318443006,-0.03565977633218864,0.6312160581920773,0.8944152963164574,0.9503558270948291,0.9723796478127644,-0.0536294866691166,0.033717640765619006,0.026898840417560743,0.8800759528668489,0.9442473247721886,0.9690699142729824
199,-0.09092204797960357,-0.05941107617568164,0.7095123165177076,0.90454450581626,0.9544706599439506,0.9750068769985077,0.08643674698958204,0.05775098601769568,0.6266481487762733,0.8885348427280377,0.9472602288881453,0.970986016560684,-0.09556449039402581,0.05928363007899007,-0.046771319281592616,0.8702627861687587,0.9392653683724925,0.9665741419535255,-0.09783001525145218,0.060825604465074345,0.04932500721129918,0.8493071830569774,0.9304068634089615,0.9617420793265952,0.0934111059194554,-0.0672126213688875,0.05028946371608045,0.8250953115983334,0.9205931137845842,0.9564575361602046,-0.10229392681195548,-0.06908824668249913,0.05131156608043841,0.796805979264626,0.9097170628280836,0.9506846351265683,-0.10450742047320982,-0.07094331120210784,0.052379402494149296,0.7631718896599787,0.8976520112342175,0.9443833421331703,0.10030392291884913,-0.07278197458427815,0.053485165773133,0.7220108400391525,0.8842457748490284,0.9375087587627801
298,0.12588925266439432,-0.08893030571791805,0.07024393480826552,0.8517872188695395,0.9313606233564513,0.9627760182218328,-5.171864153731178,0.08644286572224957,-0.06740932206537242,0.8249673086825827,0.9201767793049571,0.956676097058877,-0.14309511605819525,-0.0948791297072864,-0.06999292083113606,0.7932671755892298,0.9076713186554413,0.9499567793327401,-0.14648862443364963,-0.09777103709546564,-0.07253213255424784,0.7550350700363627,0.8936752827171228,0.9425651927976011,0.1398752679466866,-0.10061840413472911,0.07521825652486691,0.7072646615051147,0.8779816405178118,0.934441347456333,0.14332133674357622,0.09571542121089882,-0.07750209658429652,0.6430321854323031,0.8603311099103049,0.9255167006504832,-0.15649017449389524,0.09806602610880288,0.07836631172025177,0.5316663899074033,0.8403900905774846,0.9157122962684348,0.15019840508258775,0.10043160255178152,0.08002877699493793,-0.06525673878128957,0.8177145079227666,0.9049363132799794
397,-0.1813508489644109,0.1120624178058991,0.09334076405152913,0.794137224867389,0.9079743353224373,0.9507190545240395,-4.0616665012360045,0.11510940423657323,0.09468495526474152,0.7528822803425483,0.8925233758722876,0.942492969190239,-0.19061810594810447,0.11817662206249824,0.09631114265561647,0.7007886879918434,0.8750756533841605,0.9333945382627828,-0.1951402030206082,0.12126089566949672,-0.09656737678096894,0.6293747296239425,0.855307821873409,0.9233390438599053,-0.19961212409954165,0.1243611131317266,0.10008914712121397,0.4911370459961843,0.8327952159917672,0.9122278207906035,-0.20404974306412638,0.12747758470300008,-0.10319013261262722,0.09375477150430633,0.8069573754247121,0.8999446861459215,-0.20846736924449816,0.130611627386094,0.1043068917298402,-0.08397658238612538,0.7769576727161265,0.8863510303781278,0.2000892622876141,-0.14512287265887824,0.10653025043951048,0.09495902869447304,0.7414978894467573,0.8712788963426803
496,-0.22655167954809818,-0.8188631811668547,-0.10765743618233026,0.7297690641867175,0.8843525942411761,0.93886954284002,-0.23239727557742462,-0.7110981993542809,-0.11204304386031239,0.6668686929119132,0.8643151649424385,0.928476542918656,-0.23813346776278,0.1475887947390282,0.12013466351295232,0.5725675165878911,0.841427710780412,0.9169329012012293,0.2270302925565877,0.15144716712289097,-0.12057256530075389,-0.09379386742821938,0.8151056432904226,0.9041123337888549,0.2327902723167779,-0.16736724440300765,-0.12473740893940244,-0.0975137715132447,0.7845142614100051,0.889863726330517,-0.25491865883596365,0.1592219683455176,-0.12884891347121652,0.11660546495054858,0.7483758298256549,0.8740033571024332,-0.26043900858422886,-0.1766772460130852,-0.13291648121664834,0.1171997740427888,0.7045234376606876,0.856303533938043,0.24997649634329788,0.16708352481588085,0.13299014763839745,0.11831039215231387,0.6486107586858957,0.8364753711929395
595,-0.27174347830755696,0.16778347603008759,0.13920798976299587,0.6554383740229074,0.8605587763814866,0.9272646969574821,-30.68593610869994,-0.18334953397023845,0.14135712071473194,0.5510671917574438,0.8355974845884387,0.9146728493125641,-0.2856412091879952,0.17697827493317497,0.14388518583791,0.14682239368087713,0.8067079281994655,0.900627007061588,0.27233043601042306,-1.255858583278748,0.146676659919025,-0.11242229232710699,0.772871626054536,0.8849482797631546,-0.29912781124785726,1.0911696121362706,-0.1495452010181777,0.1393374552191179,0.732480772235514,0.8674166399591656,0.28612443566114576,0.19094864974641768,-0.15447862899348874,0.13927868030911394,0.6826774454913063,0.84775559327456,0.29299323746624034,-0.21188319911568287,0.1560518365826391,0.1401256354994631,0.617231023849982,0.8256083512113136,-0.3190178001163937,0.2003863592561741,-0.16419833498301029,-0.1300028855447054,0.5142230736482896,0.800498877885774
694,0.2930923638410151,0.19560262793337624,-0.1504181095814081,0.5644946342387323,0.8366873215532475,0.9159454465126947,0.30134422281589057,-0.21377447949444361,0.16456638711897065,0.1900399669561872,0.8064639191197346,0.9011345231860547,0.3095166302611944,-0.22064351313021469,0.16756465675420196,0.16831844620170944,0.7709629268852817,0.884543050667125,0.3176258055108323,0.2117575342717728,0.1708566068102919,-0.13102062912370338,0.728467329772995,0.8659278467819628,0.3256875366783195,0.21719465108991098,-0.17432371950336645,0.16161169426554056,0.6759293245195614,0.8449816555454718,0.3337172066513154,0.22265770586589895,0.17804330821648762,-0.14136715566068758,0.6067513236784542,0.8213054477823882,0.3417298307522958,0.22814945996694536,-0.18577392994944697,0.16291715224613923,0.498644121209817,0.794362706495589,0.3497401022342699,1.3766638655315382,-0.19141957598956516,-0.15152155366228204,0.18654308888433535,0.7633988411906291
793,0.3348778555453302,0.22339449179966886,0.1846694169636085,0.44184336134307634,0.812874231836857,0.9049563504443452,0.34430889734222647,0.2295257297712181,0.18769468039363169,0.20520334105819726,0.7770825106816173,0.8879210914433837,0.353648887707238,-0.25202875045350215,-0.18564643900849864,-0.1435756302624428,0.7343685069750603,0.8687595085160864,-0.38967634009332186,0.2418818553869182,0.1949761726363919,0.18492784987163668,0.681959248307894,0.8471530827206607,-0.3986176169168232,-0.26733477543665485,-0.19907316233286698,-0.15553042465324718,0.6142833087625158,0.8226892338968991,0.3813058507732724,-0.27482756599211333,0.20324208990625725,0.18414143570818964,0.516130172650259,0.7948154339687785,-0.41632063264907726,-0.28223742095614357,-0.21216014879730483,0.18558141611428636,0.2866429112537019,0.7627593746842315,0.39961647767879155,-0.28958095457857747,-0.21861296856982504,0.18767472214107972,0.20474582348658676,0.7253785025503063
892,0.37665724543242673,0.2511592859074834,0.20725775570697014,0.3094217591606019,0.7893088686356959,0.8943453163838352,0.38726797695496284,-0.27455512179357555,0.210744479627768,0.22336440709636707,0.7477308338130392,0.8750989488499703,0.3977759915260426,-0.2833918205564654,0.21471774981156266,0.21067585943194267,0.6973343068627541,0.8533679355708681,0.40820223663175526,0.27198574985394486,0.2190366572897955,0.20652296453806784,0.6339564298829694,0.828750066422715,0.4185670844676335,0.2789888550433981,-0.2237937251114286,-0.1748088698348086,0.5484855759626482,0.8007134045330131,0.42889037049703294,0.2860232469108943,0.2283935584064134,-0.18141846900457703,0.4145825479987468,0.7685273431146515,0.4391914455809813,0.29309284948804093,0.23333860412097507,-0.1879671560320082,0.25316569361095265,0.731138355275136,0.44948923719328626,0.3002030098605495,-0.24577867396477004,-0.19446544623132322,0.22418882277306973,0.6869261156066502
991,0.4184305397901392,-0.2948864561876814,-0.21433493039200424,0.2840505598090915,0.7662448810844374,0.8841630777473161,0.4302214667646641,-0.3049110134988511,0.23371812081134147,-0.17152196368105593,0.7188358003428865,0.8627408835340067,0.441897945917668,-0.31473281050265545,-0.23169997511215357,0.23155334852767195,0.660650471971248,0.8384729847178367,0.45348330522973623,0.30206932747687554,0.2430393075715389,0.2279201134642621,0.586234141622026,0.8108706508680109,0.4650002219560186,0.30985778395185437,-0.24848560114987928,0.22733959905944578,0.4846432143674806,0.779278515945869,0.47647076828987434,-0.34324798324899897,0.2534984677582912,0.22842583021042617,0.3447574956793623,0.7427829286979454,0.4879164713269602,0.3255401852255959,0.25901519668085693,-0.20867275296162957,0.263875836470375,0.7000472276073448,0.49935838257869336,0.33344478869592,0.2646846733833548,-0.21589119896053188,-0.17557030355404735,0.6489972131092724
1090,0.46019774489455245,0.3066085213103735,0.2521668650134592,0.29066804306727073,0.7440058384593848,0.8744623883995853,0.4731693718737885,-0.33524408102444037,-0.24522302068013313,-0.18850059386155926,0.6910029644413219,0.8509250117153037,0.48601475507615577,-0.346051806774172,0.26160768221704855,-0.1968636739928562,0.6256162247921864,0.8241912311917767,0.498759613830123,-0.35666683945642275,0.2669853203216366,-0.20511883129022668,0.5422900550083576,0.7936918369704468,0.5114289390642542,-0.3671171426432909,-0.27314898150346,-0.21327677732731876,0.4349549290927964,0.7586613403807007,0.5240470466162213,0.34931919450763416,-0.2821977226190564,-0.22134912711239862,0.32544352397496157,0.7180355056640705,0.5366376454249067,-0.38762541616471946,0.284649953926263,0.25287172705040284,0.27937559329210604,0.67028332563519,0.5492239156339469,-0.39773044477244746,-0.30002766010064974,-0.23728650162426324,-0.19294717390450838,0.6131541876834167
1189,0.5019588670092548,-0.3535162986199849,-0.2567995174539841,0.3036973271383235,0.7229787388490011,0.8652969133377691,0.5161116973759273,0.3435506430877624,-0.267316958549658,-0.20545196490323375,0.6650040469991767,0.8397330076709996,0.5301264231892735,0.35284634941766724,0.28495790682119293,0.2727701386258534,0.5939719874602734,0.8106483876393149,0.5440311659098285,-0.38893296294089197,-0.2877851491740453,0.27018630601384985,0.5064404533296518,0.7774114174303998,0.5578532387056786,-0.4003371126383093,-0.2977840550093023,0.2703745677834195,0.4060967256550445,0.7391841149803273,0.5716192079378686,0.38094125650418853,0.3035715116553137,0.2721964233452976,0.32827037451733215,0.6948374153649686,0.5853549699713645,-0.42271675538284503,-0.31742564709153487,0.27508532230663363,0.29648798579806435,0.6428607908987325,0.5990858381568829,-0.4337435897198234,-0.32711125533054,-0.2586516086654207,-0.21029572334298302,0.5814094639079802
1288,0.5437139123870274,-0.3827959632877851,0.2967394690990106,0.3190411686747566,0.703588182067353,0.8567198242323529,0.5590484483559292,-0.39584212573320743,-0.28938214719391586,-0.22237634202072798,0.6416859831737337,0.8292475823838149,0.5742329544374143,0.38208081630723356,0.3082469307625364,0.2931337097906821,0.5674442902384497,0.7979746323473635,0.5892979649416092,0.3921992404654657,0.3147119879185154,-0.24199472696677626,0.48119317818107094,0.7622387648557732,0.604273123790622,0.40235294927929877,0.3214985143836744,-0.2516278429767417,0.39469821305281483,0.7211943265030548,0.6191872547137574,0.4125461418155243,-0.33308831271707673,0.2939056047923593,0.3386305212186667,0.6737877405693327,0.6340684470601292,0.4227855062357797,0.33579624318813783,0.2971983769252645,0.31431293218668543,0.6188434233837166,0.6489441519422564,0.43307955509483076,3.1449825363927815,-0.2799867707954502,-0.22761623140426324,0.5555772833396044
1387,0.5854628872676739,0.3895846197847348,-0.2991489970632283,0.33546130051123313,0.6862488897076533,0.8487821495363436,0.6019796298902607,-0.42610729230865707,-0.311418805090221,-0.23927398588002996,0.621799543711072,0.8195492766096046,0.6183343529964578,-0.4398776897579664,-0.3234602686176322,0.31334833923803407,0.5470877450426772,0.7862980880033348,0.6345600143934108,0.42220262639532447,0.33849481160787676,-0.26039031187594563,0.46618247856780537,0.7483805870448418,0.6506885972254735,0.43314775666205496,0.34584734245419146,0.31287314036700775,0.3945107409028454,0.7050303566676595,0.6667511894004803,0.4441339230835337,-0.35849208943756516,0.3155049358276151,0.35214009711729555,0.6554392875463931,0.6827780787834425,0.4551685901319127,0.36130887852461724,-0.2911955988886832,0.3324867326188585,0.5990698056629958,0.6987988587855913,0.46626112864277514,0.3693442750288227,0.3237022173657176,-0.24490897276034662,0.5365289945364102
1486,0.6272057978792359,0.41719139698104657,0.3409972121919713,0.3524464492409608,0.6713054211968102,0.841530975118402,0.644905247046633,0.4288188697459354,-0.3334271478066526,-0.25614515270955446,0.6058191097236707,0.810712779663951,0.6624306230348692,0.4404850299522878,-0.3463293168636108,0.3334233311245991,0.5329943661200687,0.7757369628913003,0.6798173177276603,0.4521862278791491,0.3622253402298161,0.3324512203489184,0.45953055868521075,0.7360231468586356,0.6970996619129605,0.46392425123593006,-0.37152129030650216,-0.2898641688869896,0.4007449364813008,0.6909787332553836,0.7143110144516601,0.4757046723622971,-0.3838684168722992,0.3369994422194843,0.3672173215592367,0.6401933226598795,0.7314838672309119,0.4875357641610243,-0.3960860919605589,-0.3117526975967515,0.3508335380117259,0.5839287838138261,0.7486499604785386,0.4994277810887371,-0.4082003040703934,-0.3225682449747044,-0.2621742173408984,0.5240565603921139
1585,0.6689426504380651,0.44477254274887,-0.34138519065397577,0.3697456206701588,0.6589793299431,0.8350076339809969,0.6878253048848337,0.4571947585124656,-0.35540738805733496,0.3577810006122313,0.5938593548428952,0.8028031323502396,0.7065217687152422,0.4696550306175733,-0.3691703629145806,-0.28511977473073713,0.5245540210264878,0.7663913791203331,0.7250698784032978,0.48215014818688884,0.38590456015886154,-0.29709804744088986,0.45914412543288097,0.7253142888036095,0.7435063207530497,0.4946825184663233,0.39440397511142034,0.3548937324513546,0.4106308705950962,0.6792354036022674,0.761866732318174,0.5072584611254389,-0.40921746489239297,0.35839371452794255,0.38316412881606043,0.6282305610577219,0.7801858144901928,0.5198870886688518,-0.42225212211961827,-0.3322808469945594,0.36925860606310024,0.5733353589746935,0.7984974588127809,0.5325795638333495,0.4214522812167125,0.3683485544522094,0.3626520487464856,0.5173120794671582
1684,0.7106734511488242,0.47232825058579553,-0.36246136058937406,0.38722137419561187,0.6493446241205213,0.8292460512606546,0.7307398084548908,0.48554747939284915,-0.3773597357563011,0.37681218056927357,0.5857254549269806,0.7958722738700217,0.7506077941935615,0.4988037940651142,-0.3919836062217037,-0.3026897446998011,0.5208753291533423,0.7583362510337563,0.7703176998743031,0.5120944895554804,-0.40636655203230854,-0.31541070227577817,0.463236260985569,0.716349570537315,0.7899085766414217,0.5254226430548057,0.4186133178377063,0.375739809597041,0.42268037947960896,0.6698844515612536,0.8094183454486625,0.538795360272647,0.42798794879417845,0.3796919619702682,0.39962594122212736,0.6195097337203762,0.8288839226468149,0.5522226235641676,0.43761107465378424,0.3847221532682743,0.38770715898203134,0.5668803659331914,0.8483413555770885,0.5657165279391496,0.447452349312655,0.39055405922400754,0.38212180322932343,0.5152681484810727
1783,0.7523982062039802,0.4998587111865369,0.40683461260667153,0.40479264692096006,0.6423385943154301,0.8242714130819853,0.7736487627997367,0.5138771847307606,0.4150069904895304,0.39575454552847344,0.5810363050175877,0.7899564021286963,0.7946887036196739,0.5279314437063303,0.4238206389243715,0.3928893986636216,0.5210566584809517,0.751616534835217,0.8155607855892981,0.5420193532039319,0.43311284384135207,0.39357213382166045,0.47045837605717344,0.7091659885119054,0.8363064324704026,0.5561447089491776,0.44277766359944115,0.396483281154138,0.4360760775052503,0.6629005313608749,0.8569658562882836,0.5703154401366672,0.45274497987016415,0.4008980577898277,0.4164041095905521,0.6138225229888981,0.8775781937849766,0.5845424283225604,0.4629682511338389,0.4063878352545456,0.4061459935587751,0.5640140868477534,0.8981816525594708,0.5988387241341178,0.4734170116234637,0.4126843480894635,0.4014923443753573,0.5169564521066886
1882,0.7941169217846478,0.5273641125023596,0.4286423105869064,0.4224090407437069,0.6377976134549446,0.8200992998260963,0.8165521729529219,0.5421840249477914,0.43738171539389015,0.41460776946854483,0.5793408904943582,0.785074512942495,0.8387645011379947,0.557038101577028,0.4467696574249822,0.41248085861280226,0.5242978657690254,0.7462456876830819,0.8607991389934361,0.571924839348201,0.4566437101784726,0.41372338022172594,0.4798613092604823,0.7037443752147055,0.8826998911296084,0.5868487993532341,0.4668977231122151,0.417128725188914,0.4503458676798248,0.6581707048968083,0.9045092672801816,0.6018187704899678,0.47746131733448394,0.42201557773241605,0.43337919091569876,0.6108673897078908,0.9262686299856202,0.616846561991901,0.48828779280021983,0.42797334936431075,0.4245543561703101,0.5641722509386893,0.9480183515456465,0.6319462028148852,0.49934666994429544,0.43474166379131884,0.4207653567439854,0.5215505221991531
1981,0.8358296040597889,0.5548446397990172,0.45038411072263296,0.4400380053391686,0.6354999380317614,0.8167353690277682,0.8594500439396969,0.5704681485787948,0.45969786304212024,0.4333726935845572,0.580192075429266,0.7812282856485097,0.8828351908852127,0.5861238883599484,0.4696660611932384,0.43196663908724064,0.5299318157539479,0.7422074120382166,0.9060327635263092,0.6018110472158127,0.48012687632743556,0.4337725119654834,0.49079772492826795,0.7000188032639676,0.9290889555040277,0.6175349967366075,0.4909741856161667,0.43768032920562705,0.46520248571865863,0.6555249158165182,0.9520485808649795,0.6333054205510384,0.502137525435026,0.44304783289333327,0.4504754902248441,0.6103112839894661,0.9749552333283524,0.6491350831963394,0.5135701678206821,0.44948132527024376,0.4429190484796487,0.5668368940400048,0.9978514543204603,0.6650390140497544,0.5252417173284478,0.45672812165300847,0.4399431425417266,0.5283814069728008
2080,0.8775362591868511,0.5823004757126378,0.47206175715471,0.45765793343353556,0.6352018097857186,0.8141756017079651,0.9023423807771535,0.5987297023067315,0.48195676433501644,0.4520508504513987,0.5831816909665313,0.7784032474285056,0.9269007769936141,0.6151889234068606,0.49251088863582804,0.4513517114877884,0.5374231519357876,0.7394600251532865,0.9512616626234711,0.6316780750601587,0.5035631685297748,0.45372421397333884,0.5028285106722261,0.6978896742017046,0.9754736284755392,0.6482033828441385,0.5150077198201004,0.45814193811522497,0.4804628262737831,0.6547649111024945,0.9995837994799832,0.6647754589911814,0.5267741534327663,0.4639978979132411,0.46764308064160776,0.6118285108927961,1.023638005890485,0.6814080501408168,0.5388158331998523,0.470914228049393,0.4612316392770204,0.5715574780524968,1.0476809626663526,0.6981172075820827,0.5511025383649986,0.4786457200247436,0.45902832523439474,0.5369259911055332
2179,0.9192368933119905,0.6097318003049095,0.49367690585672364,0.4752542083723348,0.6366617116781108,0.8124070545652038,0.9452291884737883,0.6269688309964538,0.5041596923978666,0.4706441724482541,0.5879525833710395,0.776570946368474,0.9709612635878657,0.6442333247599776,0.515305138975336,0.4706406128149314,0.5463531425592422,0.7379423551756722,0.9964858397155574,0.6615260201744555,0.5269533856415842,0.473582757867808,0.5156530078436291,0.697237119275383,1.0218539129230568,0.6788540387053299,0.5389989747908304,0.4785170946587428,0.4960054774736413,0.6556860849033304,1.0471149255602572,0.696228953940573,0.5513717361826882,0.4848686353258995,0.4848480017658625,0.6151200796662627,1.0723169497479383,0.7136655206156428,0.5640252351674908,0.4922743730480241,0.47948679814496054,0.5779536643227229,1.0975068783650015,0.7311808328330685,0.576929509444815,0.5004963496271657,0.4780236710188337,0.5467840550641598
2278,0.960931512568751,0.6371387911157178,0.5152311310833732,0.49281682873554356,0.6396538064612458,0.8114090045219964,0.9881104720294096,0.655185677727649,0.5263078662150975,0.48915480962768887,0.5941997065094482,0.7756917461573871,1.0150166547873494,0.6732572091730686,0.5380497743961621,0.4898374984121199,0.5563993813972834,0.7375800176259598,1.04170529822882,0.6913549789056594,0.5502983004527917,0.49335205472101407,0.5290619774893699,0.697932406069411,1.0682298117215647,0.7094870446434816,0.5629485807933163,0.4988090737125451,0.5117472281645452,0.6580912864464548,1.0946419615380576,0.7276659729948134,0.5759307946833012,0.5056627166855951,0.5020665979838043,0.6199208334867548,1.12099206697377,0.7459075520006411,0.5891988095489538,0.5135639390195875,0.4976812600617755,0.5857105581853015,1.1473292031959061,0.7642299389051366,0.6027229990158744,0.522281801933188,0.4969319804078315,0.557652884586537
2377,1.002620123080364,0.664521623215236,0.5367259312100443,0.5103389226541865,0.6439738647936654,0.8111543414741299,1.0309862364360858,0.6833803838273547,0.5484024539691452,0.5075850145048534,0.601666592041555,0.7757178388253302,1.0590669547047145,0.7022606921321939,0.5607457220385641,0.5089461869146719,0.567315475867652,0.7382911780276483,1.0869200415847584,0.7211650466679387,0.5735986609240513,0.5130356991497774,0.5429070453086833,0.6998463782842982,1.1146013277428513,0.7401024802846436,0.5868571500834769,0.5190209115900409,0.5276294510028674,0.6617981368454026,1.1421649098433393,0.7590865832208431,0.6004518366006024,0.5263826409881471,0.5192820899494593,0.626000262422812,1.1696633596383408,0.7781342012696673,0.6143369821193427,0.534784979778393,0.5158131610972343,0.5945709784502904,1.197147938936785,0.7972645745846507,0.6284833678279993,0.5440037767080249,0.5157560225338895,0.5693042729422066
2476,1.0443027309571913,0.6918804692540776,0.5581627340336275,0.5278157872314002,0.6494408132265095,0.8116110616567154,1.0738564866771558,0.7115530889011019,0.5704445761127523,0.525937068749828,0.6101400043346068,0.776596136379258,1.1031121674471203,0.7312438878757654,0.5833938758530648,0.5279701986801502,0.5789133477358192,0.739991282590987,1.1321300732005106,0.750956317955777,0.5968551913474787,0.532637006469229,0.5570809881493017,0.7028549655745667,1.1609684638551117,0.7707004245667413,0.6107252776578342,0.5391554312189768,0.5436098737292231,0.6666420215157459,1.1896837729028518,0.7904908511631394,0.6249353567653684,0.5470307508047454,0.5364824153866927,0.6331604705861195,1.2183308298115851,0.8103455249946658,0.63944016894168,0.5559394345718981,0.5338816006575748,0.6043268103634408,1.2469630873645905,0.8302847883452875,0.6542109691678619,0.5656638888098892,0.5344984959789134,0.5815657738761527
2575,1.0859793422988635,0.7192154995124675,0.5795429015936391,0.545244249856995,0.655896047636567,0.812743732827951,1.116721227727495,0.7397039308640003,0.5924353082008094,0.5442132366298379,0.6194440403606616,0.7782708095649374,1.147152297114874,0.7602069094143369,0.6059950983279496,0.5469127887699741,0.5910489751589847,0.7425965867016718,1.1773353964882287,0.7807288863571933,0.6200685934368364,0.5521590442235609,0.5715049170265463,0.7068423192844941,1.2073312229224635,0.8012809557481382,0.6345535419625712,0.5592152638973672,0.5596574206898184,0.6724765755428292,1.2371985531408713,0.8218788428497179,0.6493818376465794,0.5676092464722586,0.553658823662851,0.6412330154742087,1.2669944795607393,0.8425415793497828,0.664508776690522,0.5770291373418566,0.5518863465053481,0.6148105590186361,1.296774650253135,0.8632906283505397,0.6799061490845952,0.5872636743392594,0.5531620062894134,0.594306295160019
2674,1.127649963193255,0.7465268819477098,0.6008677345696313,0.5626222333180796,0.6632017430082675,0.8145148346366589,1.1595804645540482,0.7678330459705811,0.6143756835044003,0.5624157357914862,0.629434326672687,0.7806853547980246,1.191187347803119,0.7891498685501099,0.6285502220999077,0.5657769753697941,0.6036114156311355,0.7460265523488815,1.222536014856294,0.8104828445664465,0.6432395473522863,0.5716046591222848,0.5861198222209243,0.7117022609606998,1.253689607806533,0.8318441514161885,0.6583425055645797,0.5792028681858972,0.5757488733952052,0.6791728803566914,1.2847092529794288,0.8532506237978676,0.6737917498020825,0.5881201986225906,0.5708049349211192,0.6500754064863015,1.3156543109501744,0.8747224201156965,0.6895432029612498,0.5980558250195299,0.5698276322093379,0.6258877230594304,1.3465826293770533,0.8962821424569849,0.7055692466066241,0.6088045962125145,0.5717490540860709,0.6074253760307445
2773,1.1693145997167531,0.7738147822410175,0.6221384762952248,0.5799484535702979,0.671238790197277,0.8168859138545959,1.202434202114915,0.7959405688441277,0.6362666954276261,0.5805467194138769,0.6399926793952595,0.7837841634137411,1.235217323599573,0.8180728758957625,0.6510600514577289,0.5845655643784038,0.6165145624583321,0.7502053104437281,1.2677319317075288,0.84021828439654,0.6663687126652762,0.5909765001921257,0.6008808982864168,0.7173386491300708,1.3000436213654587,0.8623900884957763,0.6820927157871468,0.5991205463978893,0.5918666468527967,0.6866180822273239,1.3322158748375714,0.8846062590202026,0.698165552307791,0.6085655592868807,0.5879160948019814,0.6595676299061457,1.3643103260438858,0.906888102683387,0.71454383656628,0.6190211449757164,0.5877060158505685,0.6374502620139972,1.3963870265067582,0.9292593782169452,0.731200593949785,0.6302880492253594,0.5902620299149919,0.6208453287790752
2872,1.2109732579341785,0.8010793638423628,0.6433563164338366,0.5972222059732432,0.6799046628924534,0.819818527455747,1.2452824453606386,0.8240266325053884,0.658109299745301,0.5986082658783484,0.6510224106522992,0.7875136304151223,1.2792422285872018,0.8469760408931404,0.6735253637475733,0.6032811707766202,0.6296910277783101,0.7550624193803019,1.3129231504412908,0.8699352967914997,0.6894567292665075,0.6102770387886138,0.6157536652721891,0.7236651151658529,1.346393266453357,0.892918843257686,0.7058047053126042,0.6189704590522308,0.6079972716808926,0.6947138085113068,1.3797184211318139,0.915945813030087,0.7225036931669215,0.6289471717711251,0.6049889225167618,0.6696088857641805,1.4129625269018142,0.9390386820584116,0.7395110578184623,0.6399266617313725,0.6055222801611096,0.6494111976201429,1.446187843412184,0.9622223828814915,0.7568005167176273,0.6517153646627626,0.6087032133759359,0.6345055094843771
2971,1.2526259438992284,0.8283207880147547,0.6645223943489845,0.6144432117759426,0.6891113584624604,0.8232749726907411,1.288125199232846,0.8520913684005504,0.6799044166776144,0.6166023734244231,0.6624443370028109,0.791822873676814,1.3232620668422177,0.8758594718312296,0.6959469106878262,0.6219262372615239,0.6430876207983844,0.7605331334320622,1.3581096744514007,0.899633971838504,0.7125042182223713,0.629508585984078,0.6307112698535557,0.7306044686262954,1.3927385459210815,0.9234304913266471,0.7294789927537559,0.6387546375975658,0.6241303350315792,0.7033745675332839,1.4272168942759695,0.9472693498475795,0.7468066096993946,0.6492667794670696,0.6220209884859836,0.6801146327283003,1.4616109155839179,0.9711742128646479,0.7644452388028977,0.6607738630174605,0.6232773611731957,0.6617002576222966,1.4959850818622722,0.9951712034031222,0.7823693340939066,0.6730878145048999,0.627074774929781,0.6483581366472783
3070,1.2942726636541477,0.8555392138771132,0.6856378021994143,0.6316115064077366,0.6987834820078085,0.8272188210239603,1.3309624686654224,0.880134906428637,0.7016529328163652,0.6345309581138645,0.6741934636080322,0.7966641457216425,1.3672768424348252,0.904723275864348,0.7183254196004767,0.6405030505709645,0.6566620007852764,0.7665583535688579,1.403291507127955,0.9293143987798087,0.7355117825826167,0.6486733077490322,0.645732575121615,0.7380879560521297,1.439079462616504,0.9539251076894266,0.753116083196524,0.6584749956572382,0.6402577271288333,0.7125262201566884,1.4747112966810925,0.9785769330046725,0.7710747289153475,0.6695260337409468,0.639010580674544,0.691013983185623,1.5102554941462139,1.0032947493482658,0.7893467436369952,0.6815641652605348,0.6409722968085501,0.674260413637176,1.5457787436240098,1.0281058864385393,0.8079073590277679,0.6944066152720306,0.6453787793416175,0.6623652246669113
3169,1.3359134232294312,0.8827347984460294,0.7067035877878155,0.6487273572579646,0.7088565065317219,0.8316152827210486,1.3737942585834024,0.9081573749681269,0.7233557029157753,0.6523958539735351,0.6862162738717109,0.8019930167853454,1.4112865594293966,0.9335675590293493,0.7406615945654496,0.6590137558325629,0.6703801883629539,0.7730843881344073,1.4484686518562166,0.9589766660242185,0.7584800081431464,0.6677732382689424,0.6608007866934394,0.7460544781915801,1.4854160193836377,0.9844027667027933,0.7767164687151111,0.6781333390041513,0.6563730958548956,0.7221045633937926,1.5222016307560986,1.0098686255510831,0.7953084678690909,0.6897265010121211,0.6559565327984354,0.7022474542754675,1.5588962646440565,1.035400345381649,0.8142159287200768,0.7022989185605907,0.6586081895907175,0.6870451538031148,1.5955688304616926,1.0610264783515737,0.8334148984119798,0.7156729315462027,0.6636171900746295,0.6764963189163572
3268,1.377548228644683,0.909907696676679,0.7277207571863776,0.6657912025593165,0.7192752218159673,0.8364314326475116,1.4166205739045394,0.9361589009031905,0.7450135515586985,0.6701988145556328,0.6984685372832413,0.8077683968866751,1.455291221884151,0.9623924262627326,0.7629561175044615,0.6774603692241837,0.6842147030473245,0.7800626111867932,1.4936411120168394,0.9886208611586798,0.7814094641665013,0.686810291672202,0.6759024496767536,0.754449821646761,1.5317482190632843,1.0148635421012284,0.800280628861648,0.6977313744400655,0.6724714457606086,0.7320540431210878,1.569687898906575,1.0411444900592204,0.8195082339990349,0.7098696691278592,0.6728580964266797,0.7137650568419387,1.6075332291308388,1.0674910544669487,0.8390531429727215,0.7229794112182628,0.6761861794887898,0.7000163434881637,1.6453553441398139,1.0939330252156039,0.8588922532544618,0.7368878792026775,0.6817918741842071,0.690726808885268
3367,1.4191770859081778,0.9370580615022637,0.7486902771591819,0.6828036055866091,0.7299923716946799,0.8416363273812265,1.4594414195376952,0.9641396096491828,0.7666272747111903,0.6879415153932205,0.7109135475956291,0.8139524509710703,1.4992908338511786,0.9911979814175123,0.7852096491983029,0.6958447891834144,0.6981431588834652,0.7874490755246862,1.5388088909860338,1.0182470709594316,0.8043007040633801,0.7057862724027022,0.6910267061659657,0.7632259326188071,1.5780760644927234,1.0453075070044509,0.8238090311319393,0.717270717725672,0.68854883912139,0.7423266007937773,1.617170103536536,1.0724045886298958,0.8436744254518342,0.7299569531166171,0.6897148446962783,0.7255246905980796,1.6561663896560614,1.0995669297400708,0.8638587280663121,0.7436068738606187,0.6937074240956369,0.713142549069012,1.6951382864201172,1.1268255728164869,0.8843397188436104,0.7580525283806092,0.6999046074179038,0.7050366605887064
3466,1.46080000101648,0.9641860438730196,0.7696130774052485,0.6997652200741769,0.740967470923283,0.8472010407694337,1.5022568003838992,0.9920996251776295,0.7881976411707189,0.7056255569988198,0.7235207113694138,0.8205104478908319,1.5432853993766922,1.0199843272796563,0.8074228302439357,0.714168806365551,0.712147196910682,0.7952041154078683,1.583971992135766,1.0478553814030271,0.8271542660374449,0.7247028844263178,0.7061647385073965,0.7723402449312555,1.62439955850588,1.0757347339253176,0.847302131408505,0.7367529006849183,0.70460217023831,0.7528806519896023,1.6646482470463835,1.103648982897406,0.8678074313921504,0.7499897003932962,0.7065265991075195,0.7374908077566933,1.7047957482695282,1.1316280239741867,0.8886330186436266,0.7641824832102619,0.711173084172093,0.7263977230028242,1.7449176590622204,1.1597041666549217,0.9097575849073545,0.7791679062179881,0.7179570793297151,0.719409455301505
3565,1.5024169799555849,0.9912917927937364,0.7904900526308439,0.7166767639686206,0.7521657875694909,0.8530986409047585,1.545066721335885,1.0200390700405355,0.8097253939206134,0.7232524681622368,0.7362644181758743,0.8274105725041434,1.5872749225010738,1.0487515655840853,0.8295962819549678,0.7324341125180126,0.7262116668916931,0.8032919591914747,1.6291304188331575,1.0774458776771911,0.8499706736961066,0.743561739431442,0.7213093468884796,0.7817550663739778,1.6707187039332643,1.1061452947769028,0.8707603743822168,0.7561793775885856,0.720628993095965,0.7636801902084263,1.7121223318340928,1.134877734034572,0.891907632299467,0.7699691954837796,0.723293373376599,0.7496333065209188,1.7534213070180589,1.1636743895835437,0.9133763425303494,0.7847073655330988,0.7285843131405502,0.7397601694684033,1.794693463826222,1.1925688519494428,0.9351461357665432,0.8002349993743817,0.735950898287106,0.7338316539601989
3664,1.5440280286997168,1.018375455360694,0.8113220644742839,0.7335389994092644,0.763557474076966,0.8593041270604002,1.5878711872783735,1.0479580653944767,0.8312112513960783,0.7408237093833013,0.7491231354981167,0.8346237210165774,1.631259407258594,1.0774997970306228,0.8517306072098925,0.7506423084128303,0.7403239949055509,0.8116803626605702,1.6742841744414143,1.1070186441915033,0.8727504366287744,0.762364364158209,0.7364546253190781,0.7914370232534286,1.7170335036022557,1.136539260879859,0.8941841939546677,0.7755515309059358,0.7366273883911616,0.7746940066257741,1.7595923602954993,1.166090902757974,0.9159754002514704,0.7898966643165855,0.7400153300355956,0.7619266180838848,1.8020430679457684,1.1957060786268954,0.9380890209385151,0.805182599800392,0.745942249507064,0.7532117276293342,1.8444657024684485,1.2254196736385838,0.960505650482838,0.8212547563610495,0.7538875962951247,0.7482920292521701
3763,1.5856331532123886,1.0454371767975117,0.8321099432917607,0.7503527174119728,0.775116829260396,0.8657943409590436,1.630670203088112,1.075856731023651,0.8526559086694891,0.7583406763270656,0.762078682144499,0.8421232927886746,1.6752388576774875,1.1062291212992637,0.8738263912512315,0.7687949109592279,0.7544736905977314,0.8203402681063684,1.7194332623187276,1.1365737645877296,0.8954940509565263,0.7811122069684293,0.7515957105643274,0.8013565609291036,1.7633439603364207,1.1669167029697205,0.9175740136206536,0.7948706765010717,0.7525958599707757,0.7858950150179276,1.8070583348239524,1.1972885493328425,0.9400110991957233,0.8097732781361088,0.756692746655479,0.7743489546062221,1.8506610330957154,1.2277231428110953,0.9627713686618791,0.8256092205926817,0.7632480114642246,0.7667371238199819,1.8942343767449148,1.2582566763837153,0.9858364030012181,0.8422280896966584,0.7717686335954225,0.7627812234096133
3862,1.6272323594456253,1.0724771004900573,0.8528544898179,0.7671187261270551,0.7868216738667289,0.8725478631301122,1.6734637736335065,1.1037351853630124,0.8740600385607127,0.7758047032302758,0.7751156432588362,0.8498849868669207,1.7192132777799234,1.1349396370656213,0.8958842024408581,0.7868933595963973,0.7686519602197874,0.8292454908492777,1.7645776858188573,1.1661113217501824,0.918201999851981,0.7998066437532843,0.7667285857789992,0.8114874970619788,1.8096500769562471,1.1972776912037628,0.9409302468337786,0.8141380683392646,0.7685332534793904,0.7972596705139103,1.8545202578090738,1.2284707335781608,0.9640150852098082,0.8296001570747081,0.7733259893981499,0.7868816900296466,1.899275204508818,1.259725633494703,0.9874236942638746,0.8459882207717445,0.7805026931285868,0.7803234551840288,1.9439994884098464,1.2910799045714445,1.0111386622875669,0.8631558779043671,0.7895954030150446,0.7772914010595423
3961,1.668825653340254,1.099495368020814,0.8735564767110695,0.783837841837283,0.7986528235185091,0.8795449021318819,1.716251903774663,1.1315935455203172,0.8954242926798966,0.7932170662057176,0.7882208976719964,0.8578866080617478,1.7631826715825591,1.163631442015467,0.9179045929713241,0.8049390220568875,0.7828514004418428,0.8383724330429722,1.8097174482917022,1.1956313978157667,0.940874754034307,0.8184489832598616,0.7818499255912233,0.8218066237742605,1.85595185627872,1.2276222951681632,0.9642532973548803,0.8333549027598046,0.7844386919520575,0.8087674709570545,1.9019781316395268,1.2596375148713082,0.9879877067506162,0.849378373420967,0.7899154922058009,0.7995088499299322,1.947885584223917,1.2917136016912254,1.0120463002582833,0.866320553943045,0.7977073619985642,0.7939597759603195,1.993761039216079,1.323889402316073,1.0364126924610186,0.8840389673647724,0.8073692340588929,0.7918159745680726
4060,1.7104130408266296,1.1264921192019464,0.8942166499948212,0.8005108820577507,0.8105936444497635,0.8867671820653833,1.7590345983646556,1.1594319272982436,0.9167493024049178,0.8105789864195463,0.8013832345221708,0.8661078851018975,1.8071470430957832,1.1923046328596891,0.9398880995394916,0.8229331995744082,0.7970657543209883,0.8476998236435337,1.8548525530821898,1.225134074183872,0.9635127722389278,0.8370404719065663,0.7969569729044873,0.8322933546967786,1.9022493011176553,1.2579505838846372,0.9875435595848197,0.8525223223640935,0.8003115244546565,0.8204005302398591,1.949431958699735,1.290788952152894,1.0119293048932931,0.8691089546155709,0.8064617403426094,0.8122166906002033,1.9964921742768635,1.3236870980726634,1.036639483282758,0.8866071367291032,0.8148630573342035,0.8076367642592617,2.043519030913242,1.356685213462163,1.061658752922696,0.9048781740371363,0.8250913967449364,0.806349385126373
4159,1.751994527823376,1.1534674921080195,0.9148357304013484,0.8171386602696077,0.8226296791955401,0.8941978320193686,1.8018118622475914,1.1872504452154677,0.9380356798013433,0.8278916331208727,0.8145930409854405,0.8745303019270525,1.8511063963240966,1.2209593053482415,0.9618352439829875,0.840877131601425,0.8112897154670394,0.857208482945798,1.8999830035308376,1.2546194315262038,0.9861165016642979,0.8555822981474858,0.8120474401900706,0.842929412836217,1.9485424142835885,1.2882626258173622,1.0108014188823844,0.871641419561307,0.816151284860486,0.832143213833082,1.996881741373106,1.321925103931713,1.0358402135600586,0.8887928860028496,0.8229652573405921,0.8249933510495996,2.0450949767038082,1.3556461729729758,1.0612035342669308,0.9068488508709411,0.8319707892259607,0.8213464522454124,2.0932734652517837,1.389467381586901,1.0868770984786238,0.9256742850605926,0.8427631051892217,0.8208869270497934
4258,1.7935701202385244,1.1804216231075582,0.9354144146277585,0.8337219819191395,0.8347483311322235,0.9018212797588294,1.8445837002598824,1.2150492125279206,0.9592840184873512,0.8451561265159759,0.8278420468315844,0.8831369422691427,1.895060735266564,1.249595554284478,0.9837465338826686,0.8587720000925674,0.8255187698528208,0.8668811099114232,1.9451088029741528,1.2840875497961513,1.0086863783969204,0.8740755964375415,0.8271194298554371,0.853698555273372,1.994831198582954,1.3185584888794086,1.034027251867728,0.890713239808898,0.831957658562446,0.8439818277220514,2.044327482038919,1.353046028289137,1.059720759740811,0.9084311133616915,0.8394265946091105,0.8378285645720238,2.093693993536155,1.3875908763910922,1.0857387385926076,0.9270465451740992,0.849031538180701,0.8350820065259832,2.1430243439794574,1.4222359500023618,1.1120679794594406,0.9464280602454683,0.8603855209507473,0.835424605808802
4357,1.8351398239687455,1.2073546468941512,0.9559533765104838,0.8502616414052716,0.8469385983866916,0.909623151025597,1.8873501172300582,1.2428283412489862,0.9804948944482113,0.8623735404841627,0.8411231145491573,0.8919123471428116,1.9390100639154562,1.278213473538757,1.0056224631332262,0.8766189334025377,0.8397490672407543,0.8767020904729719,1.9902299547439735,1.3135385082385054,1.0312228278156756,0.892521450841524,0.8421713695864137,0.8645863308686047,2.041115656819974,1.3488382404394528,1.0572214267133428,0.9097387845793636,0.8477304554450837,0.8559043529890358,2.091769183075718,1.384151782883789,1.0835712637033872,0.9280245452382457,0.8558463231482485,0.8507134190286056,2.142289226805152,1.4195212579944698,1.1102453762493887,0.9472010373129265,0.866046255093425,0.8488375484686692,2.1927716688422825,1.4549909617581636,1.13723164183577,0.9671402334639299,0.8779597561486254,0.8499590226116189
4456,1.876703644900087,1.2342666965165305,0.9764532681248925,0.8667584198400422,0.8591908490986737,0.9175901751521026,1.9301111179783161,1.2705879421695896,1.0016688668038036,0.8795449051367954,0.8544300661601394,0.9008423845756812,1.9829543862579335,1.3068131560618885,1.027463512483787,0.894419009839512,0.8539773160634887,0.8866573250374359,2.035346462167243,1.3429723853983506,1.0537262649775738,0.9109208983316397,0.8572019595327252,0.8755798673751012,2.0873957917945694,1.3791019473280548,1.0803843034213116,0.9287190140823623,0.8634695878283802,0.8679002192820762,2.1392068468578587,1.4152424249560542,1.1073920391965604,0.9475740550988241,0.872225026930526,0.8636401570054497,2.190880678539793,1.4514373671222531,1.1347237219840844,0.9673131155058989,0.8830158615048019,0.8626080064694884,2.2425154415843185,1.4877324596436852,1.1623683273295078,0.9878115139483389,0.8954868763640668,0.8644872800086254
4555,1.9182615889077914,1.2611579034083182,0.9969147208158963,0.8832130834151278,0.8714966312855047,0.9257100972433808,1.9728667073176285,1.2983281248779552,1.0228064785326914,0.8966712092226267,0.8677575396916141,0.9099141307711455,2.0268937062750023,1.3353946938985537,1.0492701500510577,0.912173260915179,0.8682006970011795,0.8967340734897523,2.080458328567814,1.372389259130392,1.076197094984494,0.9292749317972223,0.8722101289260866,0.886667684620494,2.133671606304048,1.409349675843992,1.1035162340894058,0.9476548497663984,0.879175052385601,0.879960111326668,2.1866404757574904,1.446318011332713,1.1311833936446256,0.9670804833203266,0.888563297612208,0.8766020087016646,2.2394683507664794,1.4833392527884492,1.15917404544463,0.9873835400732468,0.8999412500674945,0.8763889938911573,2.2922556639499914,1.520460486190172,1.1874782735216087,1.008442587504749,0.9129679033435086,0.8790069042611623
4654,1.9598136618555053,1.2880283974166038,1.0173383461648553,0.8996263822436947,0.8838485116786612,0.9339715968891935,2.01561689005248,1.3260489977786283,1.0439082571547547,0.9137534023880987,0.8811008697217573,0.9191157618495666,2.070828027942354,1.363958178200163,1.0710428318057976,0.9298826743160155,0.8824167915547403,0.9069208160918728,2.125565557263763,1.4017892066077964,1.0986357133335432,0.9475845028067345,0.8871950002601916,0.8978395307098661,2.1799431031417837,1.4395814917606782,1.1266175631656337,0.9665471766221829,0.8948469152567082,0.8920758034886125,2.2340700721448368,1.4773785984310408,1.1549456283344215,0.9865446390330074,0.9048617303082169,0.8895930517283351,2.288052245510208,1.5152269636850382,1.1835966113190683,1.0074130448870227,0.9168232851650836,0.890176707742351,2.341992337678873,1.553175083673288,1.2125617139563305,1.0290341176485458,0.9304038175120178,0.8935157811602796
4753,2.0013598695968744,1.3148783068302219,1.037724736897272,0.9159990495770177,0.8962399388207701,0.9423642131862733,2.058361670979581,1.3537506681114235,1.0649747153782396,0.9307923972944543,0.8944559875502047,0.9284364553192638,2.1147573552284724,1.3925036992376416,1.0927820020351589,0.9475481966319698,0.8966235227179866,0.917207128778557,2.1706681515692514,1.4311723043309774,1.1210425062510834,0.9658505241415196,0.9021558595703764,0.9090862384689915,2.2262102850980816,1.4697974603319235,1.1496886276920366,0.985396845306849,0.9104852997457523,0.9042400181251695,2.281495638387231,1.5084242422633776,1.178679038595119,1.0059673018291022,0.921120920223179,0.9026080931025577,2.3366323647932656,1.5471005481850562,1.2079916794694487,1.0274023387227276,0.9336628036349283,0.9039678441940666,2.391725464513168,1.5858762941153512,1.2376188782415187,1.0495867466671713,0.9477955603148076,0.9080121027009513
4852,2.0429002179739495,1.3417077584072428,1.0580744677368155,0.9323318013128877,0.908665126507058,0.9508782757452856,2.101101054887673,1.381433241969655,1.0860063517085878,0.9477890716042483,0.9078193374327455,0.9378663004626774,2.158681692097728,1.4210313464139839,1.1144880937818873,0.9651707358625246,0.9108191054661963,0.9275835714533578,2.2157661147952012,1.4605386281361354,1.1434178510115207,0.9840738721262797,0.917092131662067,0.9203995996601992,2.272473154960381,1.4999976462984128,1.1727297575383298,1.0042046741061612,0.9260903761162474,0.9164463041132446,2.328917176849119,1.5394549984413035,1.2023839139711847,1.0253492233493442,0.9373414599697705,0.9156425695973431,2.3852087106368183,1.578960054345923,1.2323595050608067,1.047352106520147,0.9504606155647423,0.9177595278301072,2.4414550461900006,1.618564159287427,1.2626499921467766,1.07010109661925,0.9651440363966698,0.9224943225673141
4951,2.0844347128185627,1.3685168774017542,1.078388096207743,0.9486253357351991,0.9211189543108834,0.9595048413032412,2.1438350465577054,1.4090968243183646,1.1070036510266756,0.9647442698417276,0.921187806020874,0.947396216869223,2.2026010425074736,1.449541208276424,1.1361615292620229,0.9827511637237253,0.9250020052519194,0.938041588000371,2.260859450246158,1.4898882532039799,1.1657621162418232,1.0022553887760681,0.9320033593750312,0.9317722547492315,2.318731715511782,1.5301821138932032,1.1957412756260464,1.0229714507498908,0.941662353107606,0.9286889324976015,2.376334689892903,1.5704709221798916,1.2260605383886034,1.0446911287576317,0.9535239374455969,0.9286924633184659,2.4337812850599447,1.6108055299120632,1.2567003386862783,1.0672630105628773,0.9672175051341906,0.931549252152881,2.491181084446178,1.651238720711697,1.2876552776970056,1.090577770268744,0.9824501156322456,0.9369611188081466
5050,2.1259633599513355,1.3953057875901271,1.0986661633913564,0.964880333432787,0.9335968824810366,0.968235635542011,2.1865636507630364,1.436741519011784,1.1279670851354293,0.981658805135763,0.9345586627001954,0.9570178804071515,2.2465154104097,1.4780333725284958,1.1578027202622336,1.0002903177752804,0.9391709030651413,0.9485734168270514,2.305948161223902,1.519221254067736,1.1880756622125594,1.0203958837775187,0.9468891861607145,0.9431975962679059,2.3649859695331896,1.5603509268479425,1.218723498143305,1.041697934093914,0.9572014708499315,0.9409628066772435,2.423748179878152,1.601472068301841,1.249709190315169,1.0639937181147556,0.969668934161076,0.941754229951923,2.482350090078449,1.6426370223183446,1.2810144264869694,1.0871356915793797,0.9839342314823416,0.945334829354845,2.5409035810171146,1.6839000196635299,1.3126349532639698,1.111017351965323,0.9997146350181548,0.9514113624074635
5149,2.167486165182396,1.4220746112967726,1.118909194638585,0.9810974573582438,0.9460948789529922,0.9770629997141091,2.229286872268687,1.4643674288106765,1.1488971132779358,0.9985334608527028,0.9479295089604969,0.9667236559639861,2.290424799750892,1.5065079260421563,1.179412068518067,1.0177890033849395,0.9533246659030918,0.9591720108569566,2.3510322510250736,1.548537704621712,1.210358841115963,1.0384961363200844,0.9617493413821503,0.9546696840467614,2.411235919801594,1.5905041483984022,1.2416767347506528,1.060384855679887,0.9727079949447862,0.9532633849514471,2.4711576491620506,1.6324584912416753,1.2733301429143937,1.0832576676576338,0.9857770239341804,0.95482473758808,2.5309151277087643,1.6744545786926408,1.3053020102683064,1.106970769775689,1.0006115295856348,0.9591143477498874,2.590622537636827,1.7165480971736757,1.3375892336545803,1.1314204084711839,1.0169384004374613,0.9658440907222072
5248,2.2090031343107155,1.4488234694190774,1.1391177002423398,0.9972773529948963,0.9586093565928304,0.9859798416937291,2.272004715832513,1.4919746553994324,1.1697941826286793,1.0153689921263387,0.9612982352787349,0.9765065363604828,2.3343292144707855,1.5349649548689062,1.2009899660744534,1.0352479955453022,0.9674623217144636,0.9698309659873657,2.3961117229428943,1.5778376781290533,1.232611997331891,1.0565568967907732,0.9765836278746587,0.9661831708038229,2.457481569090627,1.6206418412902672,1.2646012887799798,1.0790329211875926,0.9881822115018805,0.9655866135877927,2.5185631000990614,1.6634302450496596,1.2969236641940043,1.1024836309940707,1.001848771883588,0.9679012144025728,2.579476399962634,1.7062582458590694,1.329563327612304,1.1267688458026495,1.017250111134874,0.9728861355686702,2.6403379560375964,1.7491829940303125,1.3625183301963921,1.1517874897394615,1.0341221883061409,0.9802584849346567
5347,2.2505142731254995,1.4755524814517098,1.1592921760721246,1.0134206486066568,0.9711371191041945,0.9949795910853564,2.314717186204025,1.5195632994024244,1.190658728759601,1.0321661272918563,0.9746629842786604,0.9863600868737613,2.3782286585047525,1.563404544251545,1.2225367956290185,1.0526680405568216,0.9815830380662773,0.9805444571185333,2.4411865802646786,1.6071212472297995,1.2548354676827538,1.0745788883465726,0.9913919113814007,0.9777332367654077,2.5037229201708207,1.6507640677847168,1.2874974574234161,1.097642811781629,1.0036244229721176,0.9779288688618495,2.565964535041375,1.6943873833958745,1.3204900171489835,1.1216722402186523,1.017884733664858,0.9809812037752506,2.628033908850956,1.7380480703406598,1.3537986119859045,1.1465305016636462,1.033850665402711,0.986648730052448,2.690049837949233,1.78180475078144,1.3874224508204311,1.172119129647541,1.051266747110544,0.9946538508594446
5446,2.292019587404183,1.502261765511066,1.1794331041737647,1.0295279555505976,0.9836753142857773,1.004056158055594,2.3574242881250442,1.5471334604004157,1.2114911760827576,1.0489255692303523,0.988022119146473,0.9962783948618968,2.422123135781154,1.5918267786351707,1.2440529308593309,1.0700498575879118,0.9956861039165839,0.9913071809474587,2.4862568262750226,1.636388483948762,1.2770295816768003,1.0925628083724177,1.0061741115553129,0.9893155321637614,2.549959975809998,1.680870889663823,1.3103655319166077,1.11621518536951,1.0190349446435758,0.9902869067592497,2.6133619563383412,1.7253299595740597,1.3440294598992282,1.1408241069565905,1.033885454904718,0.9940625256835995,2.676587656382994,1.7698240983622402,1.3780080928457197,1.1662563015671,1.0504138600951898,1.0004008509887736,2.7397581851020187,1.8144134077365734,1.4123018001414789,1.1924158466885322,1.0683727988436913,1.0090296025423644
5545,2.3335190829143233,1.528951438358139,1.1995409533364247,1.0455998686360795,0.996221393543808,1.0132038955716933,2.4001260263301525,1.5746852369464432,1.2322919382705861,1.065647996629718,1.0013741964728924,1.0062560240227318,2.4660126502233637,1.6202317416783036,1.2655387367362472,1.0873941401269978,1.0097709139909643,1.0021143047992216,2.53132246425337,1.6656394597030209,1.2991946617418209,1.110509329838042,1.0209301942732856,1.0009261266054905,2.5961927387711565,1.7109623682361492,1.333205797713937,1.13475067777363,1.034414101691485,1.00265781923618,2.660755366337324,1.7562580265055934,1.3675422458225,1.1599398233411966,1.0498514707968318,1.0071432433868712,2.725137644565583,1.8015863758533814,1.4021919957393238,1.1859467927279788,1.066940342182884,1.0141413779743158,2.789462999222065,1.8470090049691366,1.437156579535809,1.2126781446237485,1.0854410403496169,1.0233852482031969
5644,2.3750127654124937,1.5556216154216713,1.2196161796291682,1.061636966517673,1.008773076732977,1.022417564759286,2.4428224055453045,1.6022187265813763,1.253061418655904,1.0823340651687579,1.0147179428284079,1.0162879728602991,2.509897205748971,1.6486195162636237,1.2869945698212941,1.1047015573288586,1.0238369553496438,1.0129614208430058,2.57638349747492,1.6948742453096501,1.3213310234487188,1.128419102560458,1.035660165053916,1.012561464435886,2.6424212118159636,1.7410385643419466,1.356018534657351,1.1532499038260262,1.0497622266924889,1.0150389960992279,2.708144767382164,1.7871716367433,1.391028623682407,1.179019962930108,1.0657833058291657,1.0202216346090562,2.7736838754041466,1.8333349484510078,1.4263505424032017,1.2056025061219315,1.0834307387073405,1.0278693308217117,2.8391642820364633,1.8795915823182143,1.4619869872165088,1.2329065130990524,1.1024721445798273,1.0377203781508626
5743,2.4165006406447973,1.5822724108204915,1.239659226909,1.077639812111163,1.0213283215568132,1.0316923031146115,2.485513430489787,1.6297340258493371,1.2738000106118519,1.0989844086278955,1.0280522345013474,1.0263696369694215,2.553776806269469,1.676990184508424,1.3084207785520914,1.1219727552717491,1.0378837958044556,1.0238445051079204,2.621439929210984,1.7240929109929513,1.3434389757259346,1.1462927543807901,1.0503640634065352,1.0242183253371575,2.688645397701512,1.7710995383585157,1.3788040171385272,1.1717134583918272,1.0650796575291634,1.0274280917159269,2.755530161815957,1.8180708424753587,1.414488837752024,1.1980650815650828,1.081681473618147,1.0332961665389884,2.8222263509008862,1.865069861502231,1.4504839508573937,1.2252239571956296,1.0998856575644171,1.0415838526263053,2.888862035269778,1.9121611793908646,1.4867932183066794,1.2531014282268966,1.119466761771435,1.0520346543645227
5842,2.4579827143468065,1.6089039373853744,1.2596705273027198,1.0936089530259232,1.0338852968713461,1.0410235953291265,2.528199105873966,1.6572312303125916,1.294508097914004,1.1155996399336159,1.041376079923161,1.0364967747834193,2.597651455691068,1.705343827775287,1.3298177035145258,1.1392083581282182,1.0519110739032707,1.0347598807757559,2.6664917627281413,1.7532955263920111,1.3655188210651414,1.1641308922624938,1.065041957968725,1.0358937895070672,2.734865299181755,1.8011453502053185,1.4015625142550165,1.1901419173272088,1.0803667356233007,1.0398229958812035,2.802911551976805,1.8489556955286344,1.4379231279331033,1.2170757181795415,1.097546476830771,1.0463654740884134,2.870765073058064,1.8967911600671492,1.4745924354970366,1.2448116465361938,1.1163056882561135,1.055284195090921,2.9385562606436983,1.9447178355638215,1.5115754649101867,1.2732633531383108,1.1364255205509564,1.06632780148675
5941,2.499458992243737,1.6355163066803857,1.2796505016631703,1.109544922004473,1.0464423593421763,1.05040724650513,2.5708794364018592,1.684710434566266,1.3151860550849617,1.1321803521399576,1.0546886043841424,1.0466654764615158,2.6415211579138465,1.7336805266820616,1.3511856777031066,1.1564089692583477,1.0659184902471315,1.0457041852831641,2.711539001289082,1.7824821605675776,1.387570855718471,1.1819341033174813,1.0796939423134937,1.0475852068314222,2.781080919007933,1.8311760593492556,1.424294289960529,1.2085358383769833,1.0956238044464603,1.052221808269086,2.8502889402025713,1.8798262473727723,1.4613317298711601,1.2360523955578135,1.1133788071757833,1.0594283409358085,2.919300043873642,1.9284988889212435,1.498676207181295,1.2643660605032414,1.1326914026176096,1.0689697057737133,2.988246959880616,1.9772615899857604,1.536333916180446,1.2933927385034312,1.1533490289698634,1.0805995990174722
6040,2.540929480049822,1.6621096290239037,1.299599560002824,1.1254482373669523,1.0589980329882935,1.0598393575601106,2.613554426768939,1.7121717322527956,1.335834247722876,1.1487271193518325,1.067989036707263,1.0568721356217163,2.685385916832784,1.762000361111905,1.3725250267699987,1.1735751722315384,1.079905799943981,1.0566743408210213,2.756581648151757,1.8116528820093762,1.4095953698878998,1.1997029557659193,1.0943201313269155,1.0592901695668322,2.827292259927579,1.8611917248093282,1.4469996032095223,1.226895762016493,1.1108512082669442,1.064622815983042,2.897662328827369,1.9106825491236443,1.4847148750662755,1.2549956210494497,1.1291789454528398,1.072483682959125,2.9678312653458687,1.9601930925582698,1.5227354733188954,1.283887671824992,1.1490433555146164,1.0826398169788847,3.037934134700504,2.0097924815788906,1.5610687583870395,1.3134900230261564,1.1702378754767908,1.0948498745322606
6139,2.582394183469393,1.6886840135090433,1.3195181019052402,1.1413194034546388,1.0715509912169063,1.0693163026349741,2.6562240816630864,1.739615216076076,1.3564530328145805,1.1652404975941018,1.081276697600905,1.0671134236517503,2.7292457363365252,1.790303410223436,1.3938360692633254,1.1907075317825577,1.0938728060348062,1.0676675278539922,2.801619706570336,1.8408077586430096,1.4315926479071395,1.217437999835016,1.108920658072516,1.071006488092,2.8734993246852265,1.8911924051620568,1.469678708096582,1.2452222122420948,1.1260492910939484,1.0770244737899355,2.9450317201835428,1.94152465154692,1.5080727909810947,1.2739058872427278,1.1449473616468744,1.0855305337226304,3.016358739469541,1.991873815192818,1.5467704379512774,1.3033769401621682,1.165362085512617,1.0962940360550846,3.087617786820632,2.0423105490413063,1.5857801749805465,1.3335556339124617,1.1870926298310143,1.1090784977770864
6238,2.62385310819577,1.7152395680237225,1.3394065169160854,1.1571589110699452,1.0841000410127737,1.0788347083371912,2.698888405765163,1.76704097781506,1.3770427590344334,1.181721025630163,1.094550989455171,1.0773862663541909,2.7731006203087185,1.8185897524600099,1.4151191168553137,1.2078065947070276,1.1078193537540502,1.078681161338741,2.846653179794471,1.8699468578366465,1.4535629684162634,1.2351397686016408,1.1234956710745803,1.0827321693547662,2.9197021160221217,1.9211781585461596,1.4923318539906771,1.2635156973137578,1.1412183957927526,1.0894253866829222,2.9923971165997996,1.9723526050617053,1.5314057011437192,1.2927836725985196,1.160684515058906,1.0985680317345476,3.0648824682380424,2.023541100762841,1.5707813018331116,1.3228343126409974,1.1816481155182759,1.1099319369034193,3.1372979179591383,2.0748158308483853,1.610468346655164,1.353589987314751,1.2039138439613901,1.123285375514606
6337,2.6653062599125117,1.7417763992702724,1.3592651849149266,1.172967237910394,1.0966441089951997,1.0883914346644694,2.741547403747689,1.7944491083378864,1.3976037670294308,1.1981692257334107,1.107811387382764,1.0876878227099593,2.816950572626867,1.8468594655594657,1.436374474560965,1.224872890701127,1.1217453255074261,1.0897128693435645,2.8916820710699143,1.8990702464079552,1.475506604529511,1.2528087787829656,1.1380453319573671,1.0944653976873995,2.965900636676228,1.9511490426672036,1.5149592856644907,1.2817767104547284,1.1563588633432766,1.1018242944696235,3.0397585204039794,2.0031664597438947,1.5547138252483153,1.3116294420492136,1.1763908544655954,1.1115954092351708,3.11340245364238,2.0551949929322966,1.5947682625102189,1.3422602243577995,1.197901953393453,1.1235531525277533,3.1869745298305516,2.1073083652552267,1.6351334514098217,1.3735934887537282,1.220702052774647,1.1374704470192114
6436,2.706753644292084,1.768294612784462,1.3790944764689583,1.1887448489945935,1.1091822290976658,1.0979835574677568,2.7842010802759014,1.8218396976145783,1.418136389691611,1.2145856044148435,1.1210574313357111,1.0980154655518204,2.860795597163274,1.8751126265635025,1.4576024409474044,1.2419069331497097,1.1356506364702026,1.1007604738113532,2.936706383637444,1.9281779906306449,1.497423823996834,1.2704455314788667,1.152569813394675,1.106204517705519,3.012094889382049,1.9811051148026435,1.5375612434191686,1.300005730508706,1.171471032221511,1.1142200581250026,3.0871159339200007,2.0339662653297195,1.5779973792517727,1.330443647563973,1.1920668183012062,1.1246119823109535,3.1619186976725415,2.086835535093435,1.6187315143950356,1.361655098856828,1.2141240925426664,1.1371573684849827,3.2366476241483424,2.139788190298002,1.6597756646072703,1.3935665335190623,1.2374577749166118,1.1516336801277478
6535,2.748195266997163,1.794794312954624,1.3988947531697589,1.2044921970788949,1.121713531660271,1.1076083523236884,2.8268494400078934,1.8492128347305608,1.4386409524182562,1.230970653109667,1.1342887191544273,1.1083667639766996,2.904635697784422,1.9033493118266769,1.4788033083346768,1.2589092198668244,1.1495352307190612,1.111821973235031,2.981726120734695,1.9572701562410282,1.5193148893589155,1.2880505128711157,1.1670692973246148,1.11794801904262,3.0582848768718174,2.011046431806383,1.5601379632046433,1.3182032225605005,1.1865552378857183,1.1266116476849701,3.1344693594701223,2.064752071218993,1.601256575467353,1.3492267286829982,1.2077128348567263,1.1376171421601824,3.2104312023157413,2.1184627703696615,1.64267124883984,1.381019348583229,1.2303150124746955,1.1507443171168719,3.286317202625487,2.172255343796169,1.684395159031683,1.4135095070503116,1.2541815134896142,1.165775067775087
6634,2.789631133679982,1.8212756030397075,1.4186663679540312,1.220209723063592,1.1342372337549347,1.1172632797016602,2.8694924875932184,1.8765686078992225,1.4591177733607075,1.2473248488257243,1.1475049004258868,1.1187394673270163,2.948470878350687,1.9315695970256168,1.4999773629885982,1.2758802337917987,1.1633990778298051,1.1228955270406797,3.0267412855938436,1.9863468084443352,1.5411800580965092,1.3056241948796792,1.1815439733945075,1.1296945227039186,3.1044706018730914,2.0409730501134202,1.5826896767356171,1.3363696385209036,1.201611812352051,1.1389981314877788,3.1818187993736986,2.095523926478645,1.6244916226552792,1.367979113022823,1.2233293224918713,1.1506103473611085,3.258939969557212,2.1500767416176427,1.666587654207659,1.400353375312668,1.2464751793393476,1.1643137724565782,3.3359832669716916,2.2047098633540867,1.7089921049443306,1.4334227852991699,1.2708737567291921,1.179894624947358
6733,2.831061249982257,1.847738585187458,1.4384096654093153,1.2358978563879892,1.1467526305884748,1.1269459713110073,2.9121302276749432,1.9039071044745892,1.4795671636622911,1.2636486547562122,1.1607056710497616,1.1291314905951577,2.992301142717886,1.9597735571677901,1.5211248853052537,1.2928204436453945,1.1772421698778401,1.1339794414965585,3.0717518814438636,2.0154080119211004,1.563019582774169,1.3231670357823333,1.1959940376049913,1.1414427688506539,3.150652067111463,2.0708850257442277,1.6052166116036006,1.354505417678955,1.2166410838466613,1.15137866659672,3.2291642559483624,2.126281879845984,1.6477027261102162,1.3867012167546346,1.2389166898563726,1.1635911170133322,3.307445001381734,2.1816774914298986,1.6904809159410856,1.4196575705591004,1.2626050464402436,1.177865545726585,3.3856458188965655,2.237151786362907,1.7335666701380086,1.4533067350742743,1.287534978642352,1.1939923859989896
6832,2.8724856215352865,1.8741833604518507,1.4581249820655353,1.251557015413777,1.1592590878500935,1.1366542175366237,2.954762664888009,1.931228410963722,1.4999894276856465,1.2799425208590567,1.1738907684158013,1.139540901116949,3.036126494735489,1.9879612666003061,1.5422461499886144,1.309730304546647,1.1910645187901683,1.1450721569865592,3.1167579115093065,2.044453830833522,1.584833711178577,1.3406794807983489,1.2104196911270348,1.1531916058497789,3.196829275308611,2.100782414309454,1.6277189913850316,1.3726109872237662,1.2316433765231782,1.1637524902601293,3.2765057315076542,2.157025979731852,1.670890087746146,1.4053934450573302,1.2544753361175962,1.1765590246481064,3.355946299769722,2.2132650621371295,1.7143512166289676,1.4389323159620337,1.2787050547246221,1.1913994813498716,3.4353048601081486,2.2695811500023275,1.7581190199896553,1.473161714369544,1.3041656396117425,1.2080684022864527
6931,2.913904253960671,1.9006100288106291,1.4778126466731873,1.267187607796494,1.1717560348868592,1.1463859558679654,2.9973898038599236,1.9585326130386331,1.5203848632316461,1.296206884404399,1.1870599671230095,1.1499659064331733,3.0799469382474993,2.0161327990182656,1.5633414262208731,1.3266102585956008,1.2048661540040528,1.15617223650468,3.1617593790102476,2.0734843288313103,1.6066226864516886,1.3581619626392905,1.2248211392692667,1.1649399804445477,3.2430022291832863,2.1306652710143252,1.6501970357455773,1.3906867627378823,1.246619010236143,1.1761189122832674,3.323843228364582,2.1877562742238377,1.6940539061782736,1.4240561925470205,1.2700056511921274,1.1895136928018704,3.404443866701595,2.244839495810753,1.7381987360711102,1.4581779836546644,1.2947756332507834,1.204915453410663,3.4849603923118306,2.3019979912422484,1.7826493175116678,1.4929880726768205,1.3207661869647958,1.2221227400783479
7030,2.955317152869509,1.9270186891819827,1.4974729804686382,1.282790030844836,1.1842429586119474,1.1561392602403255,3.040011649210869,1.9858197955483496,1.540753761747136,1.3124421704952949,1.200213075169176,1.1604048432098537,3.123762477092922,2.0442882274735314,1.5844109778260926,1.3434607354227937,1.218647120393922,1.1672783552430974,3.2067562871624764,2.10249956905785,1.6283867472191997,1.3756149020293127,1.2391985905762448,1.1766869289194102,3.289170931451536,2.160533650662808,1.6726509605410322,1.4087331486641954,1.261568300362334,1.1884773082067226,3.3711767488285096,2.218472811089714,1.717194376802556,1.4426898436844484,1.2855080159792835,1.202454788183457,3.4529377041548206,2.2764008342650603,1.7620236513409804,1.4773949366138874,1.3108171996355877,1.2184133625089149,3.534612417212848,2.3344023468448256,1.8071577234015868,1.5127861512845273,1.3373370555135913,1.2361554787071487
7129,2.9967243238625896,1.9534094394410098,1.5171062974283258,1.298364671867539,1.1967193980498845,1.1659123312124202,3.082628205553526,2.01309004253051,1.5610964085254992,1.3286487925573816,1.213349930555066,1.1708561671185698,3.167573115104663,2.072427624382728,1.6054550634275682,1.3602821527084021,1.2324074764333304,1.1783892911605165,3.251748639178261,2.1314996141562634,1.650126127714152,1.3930387081968747,1.2535522560409254,1.1884315691481562,3.3353353848249503,2.190387607662092,1.6950809779147085,1.4267505387481605,1.2764915576630522,1.20082711319128,3.4185062952063983,2.249175637780291,1.7403116918725106,1.4612947731616708,1.300982802595021,1.2153820173563514,3.501427814105677,2.3079491190595105,1.7858261368467905,1.4965835289934553,1.3268301604801063,1.2318931329603924,3.584260936513505,2.366794253365743,1.8316443960907585,1.53255628356174,1.353878668065216,1.2501667089326651
7228,3.038125772530705,1.9797823764363058,1.5367129045105756,1.313911908509286,1.2091849394536878,1.1757034869110177,3.1252394774929804,2.0403434372226705,1.581413082898334,1.3448271528059648,1.2264703982532816,1.1813184435876438,3.2113788561096905,2.1005510615354224,1.626473936599064,1.3770749166729468,1.2461472925632968,1.1895039164300383,3.2967364382647593,2.1604845262750523,1.6718410578962106,1.4104337793399329,1.2678823484169393,1.200173093426847,3.381495592013038,2.2202271960267392,1.7174872963915093,1.4447393164567988,1.2913890881814654,1.213167816533701,3.4658318698036594,2.2798648014325655,1.7634060405737955,1.4798713462694812,1.3164303746039057,1.228295122877376,3.5499141985278913,2.3394843915012107,1.809606364390511,1.515744106440637,1.3428149117775003,1.2453547103007496,3.6339059519161783,2.3991737471563748,1.8561094917912035,1.5522987952299803,1.37039143590524,1.264156531491304
7327,3.0795215044545357,2.0061375960053827,1.556293101887634,1.329432109073005,1.2216392119217483,1.1855111546792347,3.167845469627224,2.0675800620737483,1.601704058419398,1.3609776426878586,1.2395743674986512,1.1917903393436506,3.255179703930419,2.128658610102203,1.6474678460102588,1.3938394225415234,1.259866649742176,1.2006211896768337,3.3417196876263375,2.1894543670739264,1.6935317635666371,1.4278005030662975,1.2821890816181531,1.2119107620093956,3.4276515557215794,2.2500524693829664,1.7398701209690932,1.4626998553761916,1.3062611931699364,1.2254989567375543,3.5131534749216593,2.3105403488728644,1.7864776090963481,1.4984199192465706,1.3318510872520808,1.2411938798380586,3.598396859394393,2.371006692647068,1.8333645032252786,1.5348770063996255,1.3587718393019885,1.258798059057464,3.6835474651205944,2.4315408643650875,1.8805531645416207,1.5720140046223907,1.3868757592559549,1.2781250558087174
7426,3.120911525204516,2.032475192990563,1.5758471831673218,1.3449256328318555,1.2340818834595577,1.195333863370507,3.210446186546302,2.0947999987548407,1.6219696030410673,1.3771006433008943,1.252661749362627,1.2022706146704918,3.2989756623835116,2.156750340642588,1.668437035566725,1.4105760549833049,1.273565638155466,1.2117401489257447,3.3866983904614285,2.2184091977294784,1.7151984664792537,1.4451392568108468,1.2964726701947238,1.2236438972627557,3.4738032786539326,2.2798634809725433,1.7622296532057025,1.4806325195886263,1.3211081690424493,1.2378201170779162,3.560471112861002,2.3412023266198494,1.8095265807043543,1.5169408396112858,1.347245287692588,1.2540780927622042,3.6468757986750515,2.4025160633059475,1.8571007201112233,1.5539825583982139,1.374701318980528,1.2722231607582517,3.733185477824964,2.4638956409392394,1.9049755662518666,1.59170222293152,1.4033320277109644,1.292072398856366
7525,3.162295840340803,2.0587952612540183,1.5953754356051917,1.3603928303292052,1.2465126574358834,1.2051702362351742,3.2530416328336,2.1220033281701114,1.6422099792837273,1.3931965257923284,1.2657324745789698,1.212758116320307,3.3427667352795454,2.1848263231125817,1.6893817445447015,1.4272851885279723,1.2872443560667846,1.2228599051869147,3.431672549966063,2.247349078940808,1.7368413844474901,1.4624504082310645,1.3107333288762564,1.2353718783832917,3.519950763509301,2.3096602836571245,1.784566091305182,1.4985376640308665,1.3359303073505442,1.250130921604824,3.6077847859186436,2.3718507808874225,1.8325531358040306,1.5354344464785616,1.362613315210931,1.2669475928191236,3.6953510183371807,2.4340125440409497,1.880815179369564,1.5730610843232422,1.3906037172478891,1.2856300121485922,3.7828199917275125,2.496238112626429,1.9293768467463646,1.61136375444611,1.4197606206475828,1.3059986841350009
7624,3.2036744554139305,2.085097893692807,1.6148781403076786,1.3758340436675116,1.2589312693895736,1.2150189843511234,3.29563181306432,2.1491901304675842,1.6624254443984303,1.4092656517374031,1.2787864915922127,1.2232517710168425,3.386552926423937,2.2128866268724403,1.7103022077207148,1.4439671879605025,1.3009029087936357,1.2339796366189604,3.476642169330816,2.2762740709348854,1.7584607314476675,1.4797343155823004,1.3249712721738764,1.2470941366100567,3.5660940129844616,2.339442929921935,1.8068796301998549,1.5164156348343807,1.3507278947751962,1.262431031537296,3.6550944963897583,2.4024857575878333,1.8555574520093447,1.553901070859895,1.3779555014448672,1.2798022353170384,3.743822520348544,2.4654961751716917,1.9045080429352095,1.592112898682641,1.406479391385969,1.299018623594497,3.83245100852217,2.5285683149766225,1.9537571538063487,1.6309988967776117,1.4361619076184542,1.319904040770319
7723,3.2450473759642344,2.111383182253384,1.6343555724267587,1.3912496067864126,1.2713374841485383,1.224878900554085,3.338216731806847,2.176360485049277,1.6826162505231166,1.425308373499265,1.2918237648038648,1.2337505794976071,3.430334239617047,2.240931320694104,1.7311986554966026,1.4606224086957793,1.3145414077936532,1.2450985832068306,3.5216072517431734,2.3051842334721613,1.780056717718681,1.4969913280740665,1.3391867140334097,1.2588101508847385,3.612233029772205,2.3692114718800346,1.8291704616295634,1.5342667696495205,1.365501213136664,1.2747201420055596,3.7024002465669428,2.4331073023343066,1.8785397042057954,1.5723410359506635,1.393272170599876,1.2926418974456149,3.792290306672482,2.4969669967761874,1.9281794704079072,1.6111383088558033,1.4223286898480958,1.3123890176496482,3.882078529903788,2.560886283343324,1.9781166332108977,1.650607941076848,1.452536248723666,1.3337886027078694
7822,3.2864146075219027,2.1376512179461833,1.6538080013463818,1.4066398457302791,1.2837310932270833,1.2347488538269036,3.380796393622157,2.203514470581492,1.7027826448328516,1.4413250345713275,1.3048442729945084,1.2442536110459104,3.4741106786533313,2.2689604727685166,1.752071314019861,1.4772511971342133,1.3281599698488096,1.256216041910613,3.566567800385134,2.334079625851575,1.8016295498586632,1.5142217862085259,1.3533798675365547,1.2705194439118603,3.658367816563456,2.398965961276052,1.8514387742191882,1.5520913979530415,1.380250539416775,1.28699797910422,3.7497020387398807,2.4637154604440923,1.901500064612279,1.5907546574033984,1.4085636396597956,1.3054664762403323,3.84075437927216,2.528425048693345,1.9518296191018782,1.630137615332703,1.4381519525690658,1.3257412277685854,3.9317025575656457,2.5931920528853105,2.0024554287770213,1.6701911722414895,1.4688839949644663,1.3476525079954742
7921,3.327776155607182,2.163902090859369,1.673235690861361,1.4220050789056389,1.2961119124718405,1.2446277841105997,3.42337080306389,2.2306521650050968,1.7229248696840898,1.457315969903143,1.3178480079025172,1.2547599984705642,3.517882247321593,2.2969741507128836,1.7729204052996592,1.4938538909996693,1.3417587163366098,1.2673313622354585,3.6115238184361727,2.3629603069163236,1.8231794309177178,1.5314260221019786,1.3675509446383471,1.2822215785783053,3.7044983760447567,2.428706449490077,1.8736847535532466,1.5698898413416722,1.3949761457926555,1.29926429722342,3.7969998751968634,2.494310276941384,1.9244387028410117,1.6091422435886011,1.423830218592299,1.3182758867446893,3.8892147401084696,2.5598703705247203,1.975458644094174,1.6491111119425632,1.453949511261621,1.3390752971498927,3.9813230931971764,2.625485658568569,2.0267736823985434,1.6897488691147402,1.4852054885798365,1.3614958981451317
